"Path","Width","Height","Megabytes","Format"
"bananas-web\images\sections\events\building-on-quality-2025\planning25_092.jpg","5432","3621","13.24","Jpeg"
"bananas-web\images\sections\events\building-on-quality-2025\planning25_114.jpg","5431","3621","12.93","Jpeg"
"bananas-web\images\sections\events\building-on-quality-2025\planning25_576.jpg","5458","3639","12.27","Jpeg"
"bananas-web\images\sections\events\building-on-quality-2025\planning25_011.jpg","5381","3587","11.86","Jpeg"
"bananas-web\images\sections\events\building-on-quality-2025\planning25_125.jpg","5389","3593","11.66","Jpeg"
"bananas-web\images\sections\events\building-on-quality-2025\planning25_024.jpg","5230","3487","11.37","Jpeg"
"bananas-web\images\sections\events\building-on-quality-2025\planning25_275.jpg","5440","3627","11.32","Jpeg"
"bananas-web\images\sections\events\building-on-quality-2025\planning25_016.jpg","5344","3563","11.24","Jpeg"
"bananas-web\images\sections\events\building-on-quality-2025\planning25_025.jpg","5226","3484","10.92","Jpeg"
"bananas-web\images\sections\events\building-on-quality-2025\planning25_183.jpg","5456","3637","10.86","Jpeg"
"bananas-web\images\sections\events\building-on-quality-2025\planning25_037.jpg","5378","3585","10.58","Jpeg"
"bananas-web\images\sections\events\building-on-quality-2025\planning25_014.jpg","5285","3523","10.47","Jpeg"
"bananas-web\images\sections\events\building-on-quality-2025\planning25_069.jpg","5447","3631","10.47","Jpeg"
"bananas-web\images\sections\events\kayamut-2022\Screenshot 2025-02-12 at 12.56.56.png","3164","2072","10.43","Png"
"bananas-web\images\sections\events\building-on-quality-2025\planning25_026.jpg","5262","3508","9.97","Jpeg"
"bananas-web\images\sections\events\kayamut\heschel25_002.jpg","5400","3600","9.68","Jpeg"
"bananas-web\images\sections\events\building-on-quality-2025\planning25_072.jpg","5379","3586","9.51","Jpeg"
"bananas-web\images\sections\events\kayamut\heschel25_031.jpg","5459","3639","9.43","Jpeg"
"bananas-web\images\sections\events\kayamut\heschel25_030.jpg","5345","3563","9.23","Jpeg"
"bananas-web\images\sections\events\building-on-quality-2025\planning25_066.jpg","5294","3529","9.21","Jpeg"
"bananas-web\images\sections\events\building-on-quality-2025\planning25_027.jpg","5382","3588","8.94","Jpeg"
"bananas-web\images\sections\events\kayamut\heschel25_081.jpg","5288","3525","8.82","Jpeg"
"bananas-web\images\sections\illustrations\איש_בריטי1-Recovered.jpg","2340","4160","8.8","Jpeg"
"bananas-web\images\sections\illustrations\איור_וארץ_עיר-08.png","2251","2250","8.54","Png"
"bananas-web\images\sections\events\building-on-quality-2025\planning25_021.jpg","5375","3583","8.51","Jpeg"
"bananas-web\images\sections\events\kayamut\heschel25_242.jpg","5337","3558","8.23","Jpeg"
"bananas-web\images\sections\events\kayamut\heschel25_007.jpg","5388","3592","7.99","Jpeg"
"bananas-web\images\sections\events\ofek\ASI0008.jpg","6720","4480","7.99","Jpeg"
"bananas-web\images\sections\events\kayamut\heschel25_009.jpg","5375","3583","7.93","Jpeg"
"bananas-web\images\sections\events\kayamut\heschel25_018.jpg","5361","3574","7.93","Jpeg"
"bananas-web\images\sections\events\building-on-quality-2025\planning25_055.jpg","5194","3463","7.87","Jpeg"
"bananas-web\images\sections\events\kayamut\heschel25_005.jpg","5433","3622","7.63","Jpeg"
"bananas-web\images\sections\events\kayamut\heschel25_010.jpg","5449","3633","7.6","Jpeg"
"bananas-web\images\sections\events\building-on-quality-2025\planning25_441.jpg","5290","3527","7.53","Jpeg"
"bananas-web\images\sections\events\kayamut\heschel25_001.jpg","5461","3641","6.89","Jpeg"
"bananas-web\images\sections\events\kayamut\heschel25_035.jpg","5424","3616","6.65","Jpeg"
"bananas-web\images\sections\events\kayamut\heschel25_004.jpg","5341","3561","6.65","Jpeg"
"bananas-web\images\sections\events\building-on-quality-2025\planning25_439.jpg","5100","3400","6.57","Jpeg"
"bananas-web\images\sections\illustrations\Pepole_done1.jpg","3508","4961","5.21","Jpeg"
"bananas-web\images\sections\illustrations\1.jpg","5184","3456","4.94","Jpeg"
"bananas-web\images\sections\illustrations\2.jpg","5184","3456","4.33","Jpeg"
"bananas-web\images\sections\illustrations\3.jpg","5184","3456","3.96","Jpeg"
"bananas-web\images\sections\illustrations\קטנים-35.jpg","2251","2251","3.68","Jpeg"
"bananas-web\images\sections\events\kayamut-2022\Screenshot 2025-02-12 at 12.56.16.png","1480","2218","3.55","Png"
"bananas-web\images\sections\branding\matanya-bread\1.png","2048","1536","3.49","Png"
"bananas-web\images\sections\branding\gaya\גיה-37.jpg","2251","2251","3.32","Jpeg"
"bananas-web\images\sections\branding\eretz-ir\15.jpg","2500","2500","2.95","Jpeg"
"bananas-web\images\sections\illustrations\עפיפון-39.jpg","2251","2251","2.75","Jpeg"
"bananas-web\images\sections\illustrations\2דדים-10-10.jpg","3196","4340","2.59","Jpeg"
"bananas-web\images\sections\branding\gaya\גיה-35.jpg","2251","2251","2.49","Jpeg"
"bananas-web\images\sections\events\autojob\IMG_2620.jpg","3024","4032","2.41","Jpeg"
"bananas-web\images\sections\events\jewish-agency\_MG_9570.jpg","2500","1667","2.24","Jpeg"
"bananas-web\images\sections\events\jewish-agency\_MG_9536.jpg","2500","1667","2.23","Jpeg"
"bananas-web\images\sections\events\jewish-agency\_MG_9705-2.jpg","2500","1667","2.21","Jpeg"
"bananas-web\images\sections\branding\gaya\גיה-36.jpg","2251","2251","2.2","Jpeg"
"bananas-web\images\sections\branding\eretz-ir\12.jpg","2500","2500","2.14","Jpeg"
"bananas-web\images\sections\branding\eretz-ir\16.jpg","2500","2500","2.09","Jpeg"
"bananas-web\images\sections\events\autojob\IMG_2629.jpg","4032","3024","2.06","Jpeg"
"bananas-web\images\sections\events\autojob\IMG_2638.jpg","3024","4032","2.03","Jpeg"
"bananas-web\images\sections\events\autojob\IMG_2631.jpg","4032","3024","2","Jpeg"
"bananas-web\images\sections\branding\athena\אתנה-03.jpg","2251","2250","1.97","Jpeg"
"bananas-web\images\sections\events\autojob\IMG_2628.jpg","3024","4032","1.95","Jpeg"
"bananas-web\images\sections\branding\eretz-ir\4.jpg","2500","2500","1.94","Jpeg"
"bananas-web\images\sections\branding\eretz-ir\סטיישנרי.jpg","1200","1200","1.94","Jpeg"
"bananas-web\images\sections\events\jewish-agency\_MG_0012-2.jpg","2500","1667","1.93","Jpeg"
"bananas-web\images\sections\events\jewish-agency\_MG_9517.jpg","2500","1667","1.92","Jpeg"
"bananas-web\images\sections\branding\athena\אתנה-02.jpg","2251","2250","1.87","Jpeg"
"bananas-web\images\sections\events\autojob\IMG_2633.jpg","4032","3024","1.87","Jpeg"
"bananas-web\images\sections\branding\eretz-ir\13.jpg","2500","2500","1.73","Jpeg"
"bananas-web\images\sections\branding\gaya\גיה-38.jpg","2251","2251","1.71","Jpeg"
"bananas-web\images\sections\events\jewish-agency\_MG_9519.jpg","2500","1667","1.61","Jpeg"
"bananas-web\images\sections\events\jewish-agency\_MG_9515.jpg","2500","1667","1.6","Jpeg"
"bananas-web\images\sections\events\jewish-agency\_MG_9541.jpg","2500","1667","1.51","Jpeg"
"bananas-web\images\sections\branding\eretz-ir\14.jpg","2500","2500","1.48","Jpeg"
"bananas-web\images\sections\branding\eretz-ir\17.jpg","2500","2500","1.44","Jpeg"
"bananas-web\images\sections\events\jewish-agency\_MG_9656.jpg","2500","1667","1.42","Jpeg"
"bananas-web\images\sections\events\jewish-agency\_MG_9655.jpg","2500","1667","1.39","Jpeg"
"bananas-web\images\sections\events\jewish-agency\_MG_9509.jpg","2500","1667","1.39","Jpeg"
"bananas-web\images\sections\branding\athena\אתנה-01.jpg","2250","2250","1.3","Jpeg"
"bananas-web\images\sections\events\kayamut-community-2024\1.jpg","2048","1365","1.21","Jpeg"
"bananas-web\images\sections\illustrations\דני-09.jpg","1080","1080","1.2","Jpeg"
"bananas-web\images\sections\illustrations\4.jpg","2000","1544","1.19","Jpeg"
"bananas-web\images\sections\events\jewish-agency\_MG_9507.jpg","2500","1667","1.15","Jpeg"
"bananas-web\images\sections\illustrations\דני-07.jpg","1080","1080","1.11","Jpeg"
"bananas-web\images\sections\illustrations\קטנים-36.jpg","2251","2251","1.08","Jpeg"
"bananas-web\images\sections\events\health-il-2019\4.jpg","3162","1326","1.04","Jpeg"
"bananas-web\images\sections\branding\eretz-ir\1.jpg","2500","2500","0.99","Jpeg"
"bananas-web\images\sections\events\kayamut-2022\476200488_1057424056382606_44256041989446229_n.jpg","1600","1067","0.91","Jpeg"
"bananas-web\images\sections\events\jewish-agency\_MG_9513.jpg","2500","1667","0.83","Jpeg"
"bananas-web\images\sections\branding\oasis\4מוקאפ_מחשב.jpg","6000","3200","0.81","Jpeg"
"bananas-web\images\sections\events\kayamut-2022\קיימות_22.jpg","1600","1067","0.69","Jpeg"
"bananas-web\images\sections\illustrations\דני-10.jpg","1080","1080","0.66","Jpeg"
"bananas-web\images\sections\events\kayamut-2022\476748218_1057423856382626_118652543843709729_n.jpg","1600","1067","0.62","Jpeg"
"bananas-web\images\sections\illustrations\דני-12.jpg","1080","1080","0.62","Jpeg"
"bananas-web\images\sections\illustrations\דני-08.jpg","1080","1080","0.61","Jpeg"
"bananas-web\images\sections\events\kayamut-community-2024\466392176_996461395812206_8663560867627433290_n.jpg","2048","1365","0.59","Jpeg"
"bananas-web\images\sections\events\kayamut-community-2024\466913029_996461442478868_2471575273199627420_n.jpg","2048","1365","0.59","Jpeg"
"bananas-web\images\sections\events\kayamut-community-2024\466971795_996460175812328_307130429571726631_n.jpg","2048","1365","0.58","Jpeg"
"bananas-web\images\sections\events\health-il-2019\0.jpg","2048","1364","0.57","Jpeg"
"bananas-web\images\sections\events\ofek\ASI0400_websize (1).jpg","2048","1365","0.57","Jpeg"
"bananas-web\images\sections\events\ofek\ASI0400_websize.jpg","2048","1365","0.57","Jpeg"
"bananas-web\images\sections\events\planners-2025\מפה_פוסט.jpg","1000","1000","0.56","Jpeg"
"bananas-web\images\sections\events\kayamut-community-2024\466914257_996459939145685_912842190047332796_n.jpg","2048","1365","0.56","Jpeg"
"bananas-web\images\sections\events\kayamut-community-2024\466621155_996459829145696_7257951084330576060_n.jpg","2048","1365","0.5","Jpeg"
"bananas-web\images\sections\events\kayamut-community-2024\466680239_996459892479023_6282726539513396909_n.jpg","2048","1365","0.5","Jpeg"
"bananas-web\images\sections\illustrations\דני-14.jpg","1080","1080","0.49","Jpeg"
"bananas-web\images\sections\events\ofek\ASI0020_websize.jpg","2048","1365","0.48","Jpeg"
"bananas-web\images\sections\events\kayamut-community-2024\466642782_996459619145717_2868371301447535920_n.jpg","2048","1365","0.47","Jpeg"
"bananas-web\images\sections\events\planners-2025\Yearly Convention-102.jpg","1280","1920","0.47","Jpeg"
"bananas-web\images\sections\events\planners-2025\Yearly Convention-1.jpg","1920","1280","0.47","Jpeg"
"bananas-web\images\sections\events\planners-2025\Yearly Convention-93.jpg","1280","1920","0.46","Jpeg"
"bananas-web\images\sections\events\planners-2025\Yearly Convention-36.jpg","1920","1280","0.45","Jpeg"
"bananas-web\images\sections\events\planners-2025\Yearly Convention-96.jpg","1920","1280","0.45","Jpeg"
"bananas-web\images\sections\events\kayamut-community-2024\466616786_996459879145691_6259909503053316732_n.jpg","2048","1365","0.45","Jpeg"
"bananas-web\images\sections\events\planners-2025\Yearly Convention-38.jpg","1920","1280","0.44","Jpeg"
"bananas-web\images\sections\events\planners-2025\Yearly Convention-56.jpg","1920","1280","0.44","Jpeg"
"bananas-web\images\sections\events\planners-2025\Yearly Convention-138.jpg","1920","1280","0.43","Jpeg"
"bananas-web\images\sections\events\kayamut-2022\476242550_1057424186382593_5042097565740331508_n.jpg","1600","1067","0.43","Jpeg"
"bananas-web\images\sections\events\planners-2025\Yearly Convention-70 copy.jpg","1920","1280","0.42","Jpeg"
"bananas-web\images\sections\events\kayamut-community-2024\466656955_996461295812216_1094384331114492083_n.jpg","2048","1365","0.42","Jpeg"
"bananas-web\images\sections\events\planners-2025\Yearly Convention-70.jpg","1920","1280","0.42","Jpeg"
"bananas-web\images\sections\events\ofek\ASI0129_websize.jpg","2048","1365","0.42","Jpeg"
"bananas-web\images\sections\events\kayamut-2022\476244760_1057423989715946_5554761020277479525_n.jpg","1600","1067","0.42","Jpeg"
"bananas-web\images\sections\events\kayamut-2022\476155992_1057424219715923_3103359124723835896_n.jpg","1600","1067","0.42","Jpeg"
"bananas-web\images\sections\events\health-il-2019\1.jpg","1200","1372","0.41","Jpeg"
"bananas-web\images\sections\events\kayamut-community-2024\466739250_996459519145727_4139377124278626247_n.jpg","2048","1365","0.41","Jpeg"
"bananas-web\images\sections\events\health-il-2019\5.jpg","1885","1256","0.41","Jpeg"
"bananas-web\images\sections\events\ofek\ASI0027_websize.jpg","2048","1365","0.41","Jpeg"
"bananas-web\images\sections\events\planners-2025\Yearly Convention-90.jpg","1280","1920","0.41","Jpeg"
"bananas-web\images\sections\events\building-on-quality-2025\WhatsApp Image 2025-09-16 at 11.46.52.jpeg","1536","2048","0.4","Jpeg"
"bananas-web\images\sections\events\planners-2025\Yearly Convention-3.jpg","1280","1920","0.4","Jpeg"
"bananas-web\images\sections\events\planners-2025\Yearly Convention-55.jpg","1280","1920","0.4","Jpeg"
"bananas-web\images\sections\events\planners-2025\Yearly Convention-2.jpg","1280","1920","0.39","Jpeg"
"bananas-web\images\sections\events\planners-2025\Yearly Convention-37.jpg","1920","1280","0.39","Jpeg"
"bananas-web\images\sections\events\kayamut-community-2024\466163404_996461055812240_6194539209486910017_n.jpg","2048","1365","0.39","Jpeg"
"bananas-web\images\sections\events\planners-2025\Yearly Convention-5.jpg","1920","1280","0.39","Jpeg"
"bananas-web\images\sections\events\planners-2025\Yearly Convention-7.jpg","1920","1280","0.38","Jpeg"
"bananas-web\images\sections\events\kayamut-2022\476125248_1057424043049274_1507369839186955676_n.jpg","1600","1067","0.37","Jpeg"
"bananas-web\images\sections\events\planners-2025\Yearly Convention-4.jpg","1920","1280","0.37","Jpeg"
"bananas-web\images\sections\events\health-il-2019\2.jpg","1200","1600","0.35","Jpeg"
"bananas-web\images\sections\events\kayamut-2022\476104287_1057423943049284_1045302103718501907_n.jpg","1600","1067","0.34","Jpeg"
"bananas-web\images\sections\events\planners-2025\Yearly Convention-39.jpg","1280","1920","0.34","Jpeg"
"bananas-web\images\sections\events\ofek\ASI0017_websize.jpg","1365","2048","0.33","Jpeg"
"bananas-web\images\sections\events\health-il-2019\6.jpg","2048","1364","0.33","Jpeg"
"bananas-web\images\sections\events\kayamut-community-2024\466852532_996458485812497_9097735613386712148_n.jpg","2048","1365","0.32","Jpeg"
"bananas-web\images\sections\events\kayamut-community-2024\466655549_996459689145710_5633860955829696852_n.jpg","2048","1365","0.31","Jpeg"
"bananas-web\images\sections\events\kayamut-2022\476433901_1057424033049275_5520132546036160827_n.jpg","1600","1067","0.29","Jpeg"
"bananas-web\images\sections\events\ofek\ASI0010_websize.jpg","2048","1365","0.29","Jpeg"
"bananas-web\images\sections\events\health-il-2019\7.jpg","1698","1131","0.28","Jpeg"
"bananas-web\images\sections\illustrations\דני-13.jpg","1080","1080","0.27","Jpeg"
"bananas-web\images\sections\events\kayamut-2022\476248801_1057424113049267_2828390857167364224_n.jpg","1067","1600","0.27","Jpeg"
"bananas-web\images\sections\events\ofek\ASI0023_websize.jpg","2048","1365","0.27","Jpeg"
"bananas-web\images\sections\events\ofek\ASI0046_websize.jpg","2048","1365","0.26","Jpeg"
"bananas-web\images\sections\events\ofek\ASI0855_websize.jpg","2048","1365","0.24","Jpeg"
"bananas-web\images\sections\events\ofek\ASI0033_websize.jpg","2048","1365","0.24","Jpeg"
"bananas-web\images\sections\illustrations\דני-11.jpg","1080","1080","0.23","Jpeg"
"bananas-web\images\sections\events\health-il-2019\8.jpg","1698","1131","0.23","Jpeg"
"bananas-web\images\sections\illustrations\דני-15.jpg","1080","1080","0.23","Jpeg"
"bananas-web\images\sections\events\ofek\ASI0863_websize.jpg","2048","1365","0.2","Jpeg"
"bananas-web\images\sections\events\health-il-2019\3.jpg","1200","1600","0.16","Jpeg"
"bananas-web\images\sections\events\jewish-agency\49236696_2316526295047592_7902953610932125696_o.jpg","1600","1066","0.15","Jpeg"
"bananas-web\images\sections\events\health-il-2019\9.jpg","1024","768","0.13","Jpeg"
"bananas-web\images\sections\events\jewish-agency\49304765_2316526161714272_8655343026907906048_o.jpg","1600","1066","0.09","Jpeg"
